{
	"colors": [
		"#f25f5c", "#ffe066", "#247ba0", "#70c1b3", "#50514f"
	],
	"items": [{
			"name": ["definition", "definitie"],
			"panel": {
				"style": {
					"background-color": "@0"
				}
			},
			"style": {}
		},
		{
			"name": ["properties", "eigenschappen"],
			"panel": {
				"style": {
					"background-color": "@1"
				}
			},
			"style": {}
		},
		{
			"name": ["examples", "voorbeelden", "ex", "vb", "bv", "bijvoorbeeld", "example"],
			"panel": {
				"style": {
					"background-color": "@2"
				}
			},
			"style": {}
		},
		{
			"name": ["statement", "stelling"],
			"panel": {
				"style": {
					"background-color": "@3"
				}
			},
			"style": {}
		},
		{
			"name": ["proof", "bewijs"],
			"panel": {
				"style": {
					"background-color": "@4"
				}
			},
			"style": {}
		}
	]
}
